{"cameraMode":{"drawMode":0,"name":"Shaded","section":"Shading Mode"},"sceneLighting":true,"audioPlay":false,"sceneViewState":{"m_AlwaysRefresh":false,"showFog":true,"showSkybox":true,"showFlares":true,"showImageEffects":true,"showParticleSystems":true,"showVisualEffectGraphs":true,"m_FxEnabled":true},"in2DMode":false,"pivot":{"x":5.710814476013184,"y":3.2907967567443849,"z":6.043410778045654},"rotation":{"x":0.2209681272506714,"y":0.07626137137413025,"z":-0.017339354380965234,"w":0.9721587300300598},"size":0.02627956122159958,"orthographic":false}